Algoritmo,Tempo de Treino (s),Uso Medio de Memoria (MB),Pico de RAM (MB),Uso Medio de CPU (%),Pico de CPU (%)
Decision Tree,11.289273023605347,63.456773290094134,66.39453125,27.48051948051948,84.6
Random Forest,32.66647243499756,167.51439292114674,201.921875,94.46884816753926,100.0
Extra Trees,19.91407036781311,190.93895348837214,284.59375,94.61637931034483,100.0
XGBoost,2.677783489227295,43.38440393518522,59.15625,90.06071428571428,100.0
LightGBM,2.1110382080078125,51.24147727272748,65.28515625,87.00217391304348,100.0
