Algoritmo,Tempo de Treino (s),Uso Medio de Memoria (MB),Pico de RAM (MB),Uso Medio de CPU (%),Pico de CPU (%)
Decision Tree,7.115478038787842,110.037647192029,121.6640625,54.254362416107384,100.0
Random Forest,21.778846263885498,1739.2978408310441,1923.61328125,95.49537037037037,100.0
KNN,0.03989410400390625,10.685156250000091,46.61328125,31.540000000000003,46.7
Naive Bayes,0.106597900390625,23.975781249999955,70.22265625,24.628571428571426,33.3
Logistic Regression,5.316532611846924,52.821691176470495,58.48828125,63.55688073394495,100.0
