Algoritmo,Tempo de Treino (s),Uso Medio de Memoria (MB),Pico de RAM (MB),Uso Medio de CPU (%),Pico de CPU (%)
Decision Tree,85.69712281227112,284.4213711286716,343.85546875,33.57022405660378,100.0
Random Forest,218.38828134536743,1876.81699103056,2220.5390625,97.57276150627615,100.0
Extra Trees,141.72721147537231,1518.8581957547171,2356.7109375,98.50963244613435,100.0
XGBoost,80.27197217941284,424.81985262292255,452.98046875,98.88938381588716,100.0
LightGBM,46.32717967033386,627.8483597452605,716.28515625,98.8204207920792,100.0
