Algoritmo,Acuracia,Precisao,Recall,F1-Score,Tempo Predicao (s),Uso Medio de RAM (MB),Pico RAM Predicao (MB),Uso Medio de CPU (%),Pico de CPU (%)
decision tree,0.9453949470077545,0.9533177903808903,0.9453949470077545,0.947269539538676,0.7672779560089111,158.982421875,324.7421875,25.36842105263158,38.5
random forest,0.9565639803504169,0.9556892145519007,0.9565639803504169,0.9539582270357572,12.263579845428467,393.16219075520826,719.3984375,92.06993464052287,100.0
extra trees,0.9849150908458687,0.9841381589372393,0.9849150908458687,0.9844891577739157,26.04878520965576,498.1403136322465,912.359375,98.15161290322581,100.0
xgboost,0.9845452241015537,0.9822176821266813,0.9845452241015537,0.9828753190228305,6.363796949386597,64.81258138020837,132.7265625,94.66349206349206,100.0
lightgbm,0.9795998465877555,0.9775059571030463,0.9795998465877555,0.9778304182993875,14.732216596603394,65.1684907834101,143.77734375,96.03037037037038,100.0
