Algoritmo,Acuracia,Precisao,Recall,F1-Score,Tempo Predicao (s),Uso Medio de RAM (MB),Pico RAM Predicao (MB),Uso Medio de CPU (%),Pico de CPU (%)
decision tree,0.9108585458577538,0.9598601030013997,0.9108585458577538,0.9310249868790179,0.007058858871459961,2.0745559802157914,3.9765625,24.433333333333334,40.0
knn,0.9228575954379851,0.9498812198053898,0.9228575954379851,0.9334345713850866,60.41224002838135,13.453632114299126,14.07421875,54.948027842227376,100.0
logistic regression,0.20457785521938857,0.8265652300716655,0.20457785521938857,0.23954534706400465,0.003993511199951172,1.0574410860656371,3.10546875,0.0,0.0
naive bayes,0.09824964359258673,0.6294621510174498,0.09824964359258673,0.06387888728898407,0.07148313522338867,2.8430989583332575,7.0546875,19.433333333333334,33.3
random forest,0.926421669570727,0.9664709385335843,0.926421669570727,0.943044959033463,0.18495464324951172,2.692968750000091,7.2890625,58.825,100.0
