Algoritmo,Acuracia,Precisao,Recall,F1-Score,Tempo Predicao (s),Uso Medio de RAM (MB),Pico RAM Predicao (MB),Uso Medio de CPU (%),Pico de CPU (%)
decision tree,0.9214101487665297,0.9806464650510702,0.9214101487665297,0.9481924408668831,0.7823653221130371,158.53335336538464,329.7890625,36.47222222222222,75.0
logistic regression,0.37487196014297114,0.8593379599037448,0.37487196014297114,0.46909581535147293,0.30785536766052246,72.35302734375,228.12109375,48.30769230769231,81.2
random forest,0.9440949949726393,0.9837138325953005,0.9440949949726393,0.9622187925085152,19.265432119369507,444.622011126894,1392.47265625,98.7462962962963,100.0
