Algoritmo,Acuracia,Precisao,Recall,F1-Score,Tempo Predicao (s),Uso Medio de RAM (MB),Pico RAM Predicao (MB),Uso Medio de CPU (%),Pico de CPU (%)
decision tree,0.9731379528599398,0.9776403270238357,0.9731379528599398,0.9749153363766742,0.44916725158691406,104.64626736111109,245.58984375,26.97692307692308,38.5
random forest,0.980241746737354,0.9811700437040446,0.980241746737354,0.980146764488475,6.320180416107178,310.0226562500002,624.49609375,88.59651162790698,100.0
extra trees,0.971399064186336,0.9761812598646774,0.971399064186336,0.9731131890275637,13.597838640213013,1039.4309481534092,1381.03125,97.84739884393063,100.0
xgboost,0.9609392828299045,0.9681797740794434,0.9609392828299045,0.9636767965386297,4.634597539901733,50.1953125,112.11328125,91.79183673469387,100.0
lightgbm,0.9557570624283792,0.9604823418982296,0.9557570624283792,0.9571805833730939,10.89969539642334,50.46837574850298,108.98046875,95.92547169811321,100.0
