Algoritmo,Acuracia,Precisao,Recall,F1-Score,AUC-ROC,Tempo Predicao (s),Uso Medio de RAM (MB),Pico RAM Predicao (MB),Uso Medio de CPU (%),Pico de CPU (%)
Decision Tree,0.95796523346837,0.9687011244923585,0.95796523346837,0.9623038810021245,0.9770458025093086,1.2566401958465576,157.48076923076928,327.5859375,25.177777777777777,38.5
Random Forest,0.9702005196038798,0.9703716981919177,0.9702005196038798,0.9695920653159946,0.9951178369594271,28.97994375228882,372.8841680936073,1117.55859375,95.77727272727273,100.0
Extra Trees,0.9843836135368401,0.9837510952772629,0.9843836135368401,0.9840348229512003,0.994119944578529,52.52415990829468,1695.606730233853,2670.90234375,95.76765578635015,100.0
Xgboost,0.9838615595843546,0.9815375531046503,0.9838615595843546,0.982231302643185,0.9966784680787423,15.475621461868286,65.10394597457628,140.640625,94.29342105263157,100.0
Lightgbm,0.9798924418084175,0.9776495795781094,0.9798924418084175,0.9779612229656284,0.9955801116945305,34.966877698898315,66.81801562500004,141.44140625,97.21298701298701,100.0
