Algoritmo,Acuracia,Precisao,Recall,F1-Score,Tempo Predicao (s),Uso Medio de RAM (MB),Pico RAM Predicao (MB),Uso Medio de CPU (%),Pico de CPU (%)
decision tree,0.968931875727503,0.9702330912634357,0.968931875727503,0.969308635893764,0.06057095527648926,10.93359375,23.71875,21.6,36.4
random forest,0.9734758939035756,0.9737003298652274,0.9734758939035756,0.9735668414129742,0.6260075569152832,22.363882211538566,35.46875,67.16875,100.0
extra trees,0.9753399013596055,0.976041617062064,0.9753399013596055,0.9755525919858463,1.243396520614624,26.30770596590901,35.859375,74.67,100.0
xgboost,0.9638358553434214,0.9641160477806372,0.9638358553434214,0.9639563062714046,0.14415502548217773,0.021205357142889625,0.03125,57.93333333333333,96.0
lightgbm,0.9417237668950675,0.9412296355001326,0.9417237668950675,0.9414374058865238,0.23040771484375,1.0852864583332575,2.11328125,61.425,100.0
