Algoritmo,Acuracia,Precisao,Recall,F1-Score,AUC-ROC,Tempo Predicao (s),Uso Medio de RAM (MB),Pico RAM Predicao (MB),Uso Medio de CPU (%),Pico de CPU (%)
Decision Tree,0.9632380726220395,0.9656827989331446,0.9632380726220395,0.9637887709119194,0.9766400163355448,1.3473546504974365,145.7477678571429,218.50390625,37.71578947368421,100.0
Random Forest,0.9727061901086795,0.9736014267717092,0.9727061901086795,0.9729402543994363,0.9947077866568959,21.284222841262817,248.0810546875,321.8671875,91.18203125,100.0
Extra Trees,0.986304564768143,0.9863138665620256,0.986304564768143,0.9863089291796667,0.9939665007295488,47.86799693107605,1176.8516550164475,1545.26171875,96.78035714285714,100.0
Xgboost,0.9837173822292458,0.9836857622418198,0.9837173822292458,0.9836973667442526,0.9952559545111055,2.123723268508911,10.06208881578948,35.1953125,78.59375,100.0
Lightgbm,0.9727716824366538,0.972842577209486,0.9727716824366538,0.9728033778264286,0.9904311879798383,4.404666423797607,11.363703547297291,77.49609375,81.21851851851852,100.0
