Algoritmo,Acuracia,Precisao,Recall,F1-Score,Tempo Predicao (s),Uso Medio de RAM (MB),Pico RAM Predicao (MB),Uso Medio de CPU (%),Pico de CPU (%)
sgd classifier svm,0.7735614539485277,0.796025879505303,0.7735614539485277,0.6967869876073512,0.09609818458557129,9.284374999999955,29.13671875,30.95,69.2
naive bayes,0.3188750773893156,0.7611039860330248,0.3188750773893156,0.24383481065231558,0.7280983924865723,310.0354166666667,465.578125,44.35,100.0
