Metrica_Classe,precision,recall,f1-score,support
ATTACK,0.8879873501451208,0.9735130129306551,0.928785465564688,522634.0
BENIGN,0.9910656602653259,0.9598812815986478,0.9752242418391911,1599752.0
accuracy,0.9632380726220395,0.9632380726220395,0.9632380726220395,0.9632380726220395
macro avg,0.9395265052052233,0.9666971472646515,0.9520048537019395,2122386.0
weighted avg,0.9656827989331446,0.9632380726220395,0.9637887709119194,2122386.0
METRICAS_HARDWARE_E_ROC,Tempo Predicao: 1.3474s,Pico RAM: 218.50 MB,Uso Medio CPU: 37.7%,AUC ROC: 0.9766
