Metrica_Classe,precision,recall,f1-score,support
ATTACK,0.9564037316531497,0.9607442839376256,0.9585690941439687,522650.0
BENIGN,0.987155714038879,0.9856920141823401,0.9864233211347784,1599736.0
accuracy,0.9795484892945958,0.9795484892945958,0.9795484892945958,0.9795484892945958
macro avg,0.9717797228460143,0.9732181490599828,0.9724962076393735,2122386.0
weighted avg,0.9795828580202748,0.9795484892945958,0.9795640543771073,2122386.0
METRICAS_HARDWARE,Tempo Predicao: 0.4968s,Pico RAM: 236.05 MB,Uso Medio CPU: 38.9%,Pico CPU: 70.6%
