Metrica_Classe,precision,recall,f1-score,support
ATTACK,0.3164603700859022,0.9412453483588914,0.4736670063830412,522665.0
BENIGN,0.9459184823573336,0.3357579227877861,0.4956003301424789,1599721.0
accuracy,0.4848670317274991,0.4848670317274991,0.4848670317274991,0.4848670317274991
macro avg,0.6311894262216179,0.6385016355733387,0.48463366826276005,2122386.0
weighted avg,0.7909062818196616,0.4848670317274991,0.4901989655166632,2122386.0
METRICAS_HARDWARE,Tempo Predicao: 0.1151s,Pico RAM: 41.44 MB,Uso Medio CPU: 38.1%,Pico CPU: 75.0%
