Metrica_Classe,precision,recall,f1-score,support
ATTACK,0.9221146334816968,0.9711920770558364,0.9460172735778374,522634.0
BENIGN,0.9904220019135639,0.9732008461311503,0.9817359084500115,1599752.0
accuracy,0.9727061901086795,0.9727061901086795,0.9727061901086795,0.9727061901086795
macro avg,0.9562683176976303,0.9721964615934934,0.9638765910139244,2122386.0
weighted avg,0.9736014267717092,0.9727061901086795,0.9729402543994363,2122386.0
METRICAS_HARDWARE_E_ROC,Tempo Predicao: 21.2842s,Pico RAM: 321.87 MB,Uso Medio CPU: 91.2%,AUC ROC: 0.9947
