Metrica_Classe,precision,recall,f1-score,support
ATTACK,0.8679535292238901,0.8453582191115,0.8565068796722184,51435.0
BENIGN,0.9602107021905624,0.9666858040732459,0.9634373737348387,198564.0
accuracy,0.9417237668950675,0.9417237668950675,0.9417237668950675,0.9417237668950675
macro avg,0.9140821157072263,0.9060220115923729,0.9099721267035286,249999.0
weighted avg,0.9412296355001326,0.9417237668950675,0.9414374058865238,249999.0
METRICAS_HARDWARE,Tempo Predicao: 0.2304s,Pico RAM: 2.11 MB,Uso Medio CPU: 61.4%,Pico CPU: 100.0%
