Metrica_Classe,precision,recall,f1-score,support
ATTACK,0.8730972572117943,0.09416052807806372,0.16998839410309904,522650.0
BENIGN,0.7708458775810495,0.9955286372251422,0.8688974388911864,1599736.0
accuracy,0.7735614539485277,0.7735614539485277,0.7735614539485277,0.7735614539485277
macro avg,0.8219715673964219,0.544844582651603,0.5194429164971427,2122386.0
weighted avg,0.796025879505303,0.7735614539485277,0.6967869876073512,2122386.0
METRICAS_HARDWARE,Tempo Predicao: 0.0961s,Pico RAM: 29.14 MB,Uso Medio CPU: 30.9%,Pico CPU: 69.2%
