Metrica_Classe,precision,recall,f1-score,support
ATTACK,0.9416420119748645,0.9481912772609512,0.9449052962952723,522634.0
BENIGN,0.9830357047760283,0.9808020243137686,0.9819175942443198,1599752.0
accuracy,0.9727716824366538,0.9727716824366538,0.9727716824366538,0.9727716824366538
macro avg,0.9623388583754464,0.9644966507873599,0.963411445269796,2122386.0
weighted avg,0.972842577209486,0.9727716824366538,0.9728033778264286,2122386.0
METRICAS_HARDWARE_E_ROC,Tempo Predicao: 4.4047s,Pico RAM: 77.50 MB,Uso Medio CPU: 81.2%,AUC ROC: 0.9904
