Metrica_Classe,precision,recall,f1-score,support
ATTACK,0.904739173604216,0.9212209584912997,0.9129056807344399,51435.0
BENIGN,0.9794967286858577,0.9748745996253098,0.9771801984396414,198564.0
accuracy,0.9638358553434214,0.9638358553434214,0.9638358553434214,0.9638358553434214
macro avg,0.9421179511450368,0.9480477790583047,0.9450429395870407,249999.0
weighted avg,0.9641160477806372,0.9638358553434214,0.9639563062714046,249999.0
METRICAS_HARDWARE,Tempo Predicao: 0.1442s,Pico RAM: 0.03 MB,Uso Medio CPU: 57.9%,Pico CPU: 96.0%
