Metrica_Classe,precision,recall,f1-score,support
ATTACK,0.970353095366587,0.963308931298002,0.9668181826910706,522634.0
BENIGN,0.9880415030189343,0.9903847596377439,0.9892117436467042,1599752.0
accuracy,0.9837173822292458,0.9837173822292458,0.9837173822292458,0.9837173822292458
macro avg,0.9791972991927607,0.9768468454678729,0.9780149631688874,2122386.0
weighted avg,0.9836857622418198,0.9837173822292458,0.9836973667442526,2122386.0
METRICAS_HARDWARE_E_ROC,Tempo Predicao: 2.1237s,Pico RAM: 35.20 MB,Uso Medio CPU: 78.6%,AUC ROC: 0.9953
