Metrica_Classe,precision,recall,f1-score,support
ATTACK,0.9712981618524708,0.9731399028765828,0.9722181601305222,522634.0
BENIGN,0.991219450562029,0.9906054188399201,0.9909123395777976,1599752.0
accuracy,0.986304564768143,0.986304564768143,0.986304564768143,0.986304564768143
macro avg,0.9812588062072498,0.9818726608582515,0.9815652498541598,2122386.0
weighted avg,0.9863138665620256,0.986304564768143,0.9863089291796667,2122386.0
METRICAS_HARDWARE_E_ROC,Tempo Predicao: 47.8680s,Pico RAM: 1545.26 MB,Uso Medio CPU: 96.8%,AUC ROC: 0.9940
