Metrica_Classe,precision,recall,f1-score,support
ATTACK,0.2622065713184478,0.9736114034248541,0.4131471027383302,522650.0
BENIGN,0.9240988388090914,0.10496606940145124,0.18851876509307608,1599736.0
accuracy,0.3188750773893156,0.3188750773893156,0.3188750773893156,0.3188750773893156
macro avg,0.5931527050637696,0.5392887364131527,0.30083293391570315,2122386.0
weighted avg,0.7611039860330248,0.3188750773893156,0.24383481065231558,2122386.0
METRICAS_HARDWARE,Tempo Predicao: 0.7281s,Pico RAM: 465.58 MB,Uso Medio CPU: 44.4%,Pico CPU: 100.0%
